{
  "project_info": {
    "project_number": "959035599427",
    "project_id": "giinie-61c04",
    "storage_bucket": "giinie-61c04.appspot.com"
  },
  "client": [
    {
      "client_info": {
        "mobilesdk_app_id": "1:959035599427:android:e53826ed83124ea364c2f6",
        "android_client_info": {
          "package_name": "com.example.myapplication"
        }
      },
      "oauth_client": [
        {
          "client_id": "959035599427-iohts9bjrtuudblb0mnsij4gqs1kkts9.apps.googleusercontent.com",
          "client_type": 3
        }
      ],
      "api_key": [
        {
          "current_key": "AIzaSyA9sHrBUD61yvymdd_GiGqwjlmdMW7QN5M"
        }
      ],
      "services": {
        "appinvite_service": {
          "other_platform_oauth_client": [
            {
              "client_id": "959035599427-iohts9bjrtuudblb0mnsij4gqs1kkts9.apps.googleusercontent.com",
              "client_type": 3
            }
          ]
        }
      }
    }
  ],
  "configuration_version": "1"
}